funcion,variante,F,CR,repeticion,mejor_fitness
sphere,DE/rand/1,0.9,0.5,1,3.9478167340997143e-103
sphere,DE/rand/1,0.9,0.5,2,5.41400534520241e-103
sphere,DE/rand/1,0.9,0.5,3,1.3357548324224244e-102
sphere,DE/rand/1,0.9,0.5,4,2.7323337721451255e-103
sphere,DE/rand/1,0.9,0.5,5,1.122601992962169e-101
sphere,DE/rand/1,0.9,0.5,6,3.877330320591287e-102
sphere,DE/rand/1,0.9,0.5,7,1.8173977749146534e-103
sphere,DE/rand/1,0.9,0.5,8,2.3068710004773553e-103
sphere,DE/rand/1,0.9,0.5,9,1.9331419720805085e-102
sphere,DE/rand/1,0.9,0.5,10,2.1983125017018946e-102
sphere,DE/rand/1,0.8,0.7,1,1.0429973462443782e-104
sphere,DE/rand/1,0.8,0.7,2,1.7052835087321257e-104
sphere,DE/rand/1,0.8,0.7,3,1.9655385509797488e-103
sphere,DE/rand/1,0.8,0.7,4,2.228506136173721e-104
sphere,DE/rand/1,0.8,0.7,5,4.0599688727980406e-105
sphere,DE/rand/1,0.8,0.7,6,1.782426548431211e-105
sphere,DE/rand/1,0.8,0.7,7,1.0736959061988757e-104
sphere,DE/rand/1,0.8,0.7,8,2.059009517706035e-104
sphere,DE/rand/1,0.8,0.7,9,9.524619418655335e-106
sphere,DE/rand/1,0.8,0.7,10,1.2319954079959271e-104
sphere,DE/rand/1,0.75,0.6,1,6.287113179773508e-138
sphere,DE/rand/1,0.75,0.6,2,2.539563842176028e-139
sphere,DE/rand/1,0.75,0.6,3,4.159174025457724e-139
sphere,DE/rand/1,0.75,0.6,4,3.3502815868383083e-140
sphere,DE/rand/1,0.75,0.6,5,1.8588748202957108e-138
sphere,DE/rand/1,0.75,0.6,6,4.828249200983348e-138
sphere,DE/rand/1,0.75,0.6,7,6.780844533709273e-140
sphere,DE/rand/1,0.75,0.6,8,2.0398426133567536e-138
sphere,DE/rand/1,0.75,0.6,9,1.860185722499601e-137
sphere,DE/rand/1,0.75,0.6,10,2.9173760320656794e-139
sphere,DE/rand/2,0.9,0.5,1,1.3724403455514118e-39
sphere,DE/rand/2,0.9,0.5,2,5.074522865713154e-41
sphere,DE/rand/2,0.9,0.5,3,1.3369250617720637e-40
sphere,DE/rand/2,0.9,0.5,4,4.958221967098177e-40
sphere,DE/rand/2,0.9,0.5,5,2.3748469400080796e-40
sphere,DE/rand/2,0.9,0.5,6,9.170535115561959e-41
sphere,DE/rand/2,0.9,0.5,7,3.0052883514560294e-41
sphere,DE/rand/2,0.9,0.5,8,5.136445115789041e-41
sphere,DE/rand/2,0.9,0.5,9,6.635706326390626e-41
sphere,DE/rand/2,0.9,0.5,10,3.0001736798584644e-41
sphere,DE/rand/2,0.8,0.7,1,2.231065644434936e-33
sphere,DE/rand/2,0.8,0.7,2,3.306059327056303e-34
sphere,DE/rand/2,0.8,0.7,3,3.0320693880127903e-34
sphere,DE/rand/2,0.8,0.7,4,1.0933259408084958e-33
sphere,DE/rand/2,0.8,0.7,5,1.2434294342352846e-33
sphere,DE/rand/2,0.8,0.7,6,1.1244025328601942e-33
sphere,DE/rand/2,0.8,0.7,7,6.4766465515129645e-34
sphere,DE/rand/2,0.8,0.7,8,4.767287941055406e-34
sphere,DE/rand/2,0.8,0.7,9,1.9038333136386057e-34
sphere,DE/rand/2,0.8,0.7,10,1.755222973283057e-33
sphere,DE/rand/2,0.75,0.6,1,3.2529475006808288e-55
sphere,DE/rand/2,0.75,0.6,2,5.400824406667113e-55
sphere,DE/rand/2,0.75,0.6,3,2.00742150796954e-55
sphere,DE/rand/2,0.75,0.6,4,1.1174262061461976e-55
sphere,DE/rand/2,0.75,0.6,5,5.9665582138187704e-55
sphere,DE/rand/2,0.75,0.6,6,3.670925778696482e-55
sphere,DE/rand/2,0.75,0.6,7,4.491898730717799e-55
sphere,DE/rand/2,0.75,0.6,8,8.518009428893856e-55
sphere,DE/rand/2,0.75,0.6,9,2.3802296213803612e-55
sphere,DE/rand/2,0.75,0.6,10,5.971604801674254e-56
sphere,DE/best/1,0.9,0.5,1,1.3626497072071549e-188
sphere,DE/best/1,0.9,0.5,2,3.5913685984650667e-188
sphere,DE/best/1,0.9,0.5,3,1.1714021461504553e-187
sphere,DE/best/1,0.9,0.5,4,1.625428807891828e-190
sphere,DE/best/1,0.9,0.5,5,2.1799473706532915e-188
sphere,DE/best/1,0.9,0.5,6,2.857745725594088e-190
sphere,DE/best/1,0.9,0.5,7,8.536237735822438e-189
sphere,DE/best/1,0.9,0.5,8,1.270938835479175e-189
sphere,DE/best/1,0.9,0.5,9,2.4123880649981808e-186
sphere,DE/best/1,0.9,0.5,10,9.288332837510533e-189
sphere,DE/best/1,0.8,0.7,1,5.908899509159635e-270
sphere,DE/best/1,0.8,0.7,2,8.383221741705459e-268
sphere,DE/best/1,0.8,0.7,3,7.591845161501654e-268
sphere,DE/best/1,0.8,0.7,4,6.672225232528154e-267
sphere,DE/best/1,0.8,0.7,5,2.295621938854647e-266
sphere,DE/best/1,0.8,0.7,6,3.509667158635463e-268
sphere,DE/best/1,0.8,0.7,7,3.3433971266584973e-265
sphere,DE/best/1,0.8,0.7,8,6.273930622962198e-270
sphere,DE/best/1,0.8,0.7,9,5.517475307347429e-269
sphere,DE/best/1,0.8,0.7,10,1.832368707529964e-267
sphere,DE/best/1,0.75,0.6,1,0.0
sphere,DE/best/1,0.75,0.6,2,0.0
sphere,DE/best/1,0.75,0.6,3,0.0
sphere,DE/best/1,0.75,0.6,4,0.0
sphere,DE/best/1,0.75,0.6,5,0.0
sphere,DE/best/1,0.75,0.6,6,0.0
sphere,DE/best/1,0.75,0.6,7,0.0
sphere,DE/best/1,0.75,0.6,8,0.0
sphere,DE/best/1,0.75,0.6,9,0.0
sphere,DE/best/1,0.75,0.6,10,0.0
sphere,DE/current-to-best/1,0.9,0.5,1,3.1196772332541808e-183
sphere,DE/current-to-best/1,0.9,0.5,2,3.984693717725111e-182
sphere,DE/current-to-best/1,0.9,0.5,3,6.004715277851593e-184
sphere,DE/current-to-best/1,0.9,0.5,4,2.555966198554628e-187
sphere,DE/current-to-best/1,0.9,0.5,5,5.77395767967712e-181
sphere,DE/current-to-best/1,0.9,0.5,6,2.974007019925944e-185
sphere,DE/current-to-best/1,0.9,0.5,7,4.409981890018407e-183
sphere,DE/current-to-best/1,0.9,0.5,8,1.2919004184394993e-182
sphere,DE/current-to-best/1,0.9,0.5,9,2.3450683938088043e-182
sphere,DE/current-to-best/1,0.9,0.5,10,7.91787117472663e-186
sphere,DE/current-to-best/1,0.8,0.7,1,1.8617011826889537e-258
sphere,DE/current-to-best/1,0.8,0.7,2,2.552863292651526e-261
sphere,DE/current-to-best/1,0.8,0.7,3,1.473847980494461e-264
sphere,DE/current-to-best/1,0.8,0.7,4,7.966972349795683e-260
sphere,DE/current-to-best/1,0.8,0.7,5,9.99191465016501e-263
sphere,DE/current-to-best/1,0.8,0.7,6,7.383190355480493e-261
sphere,DE/current-to-best/1,0.8,0.7,7,9.59740427521854e-263
sphere,DE/current-to-best/1,0.8,0.7,8,2.28071783400475e-263
sphere,DE/current-to-best/1,0.8,0.7,9,7.296710941122493e-261
sphere,DE/current-to-best/1,0.8,0.7,10,7.203466980111025e-260
sphere,DE/current-to-best/1,0.75,0.6,1,7.0394e-320
sphere,DE/current-to-best/1,0.75,0.6,2,7.26e-322
sphere,DE/current-to-best/1,0.75,0.6,3,8e-323
sphere,DE/current-to-best/1,0.75,0.6,4,2.7e-322
sphere,DE/current-to-best/1,0.75,0.6,5,4.4e-322
sphere,DE/current-to-best/1,0.75,0.6,6,7.07e-322
sphere,DE/current-to-best/1,0.75,0.6,7,1.5e-323
sphere,DE/current-to-best/1,0.75,0.6,8,1.8e-321
sphere,DE/current-to-best/1,0.75,0.6,9,7.36e-321
sphere,DE/current-to-best/1,0.75,0.6,10,1.8e-322
ackley,DE/rand/1,0.9,0.5,1,3.1086244689504383e-15
ackley,DE/rand/1,0.9,0.5,2,3.1086244689504383e-15
ackley,DE/rand/1,0.9,0.5,3,3.1086244689504383e-15
ackley,DE/rand/1,0.9,0.5,4,3.1086244689504383e-15
ackley,DE/rand/1,0.9,0.5,5,3.1086244689504383e-15
ackley,DE/rand/1,0.9,0.5,6,3.1086244689504383e-15
ackley,DE/rand/1,0.9,0.5,7,3.1086244689504383e-15
ackley,DE/rand/1,0.9,0.5,8,3.1086244689504383e-15
ackley,DE/rand/1,0.9,0.5,9,3.1086244689504383e-15
ackley,DE/rand/1,0.9,0.5,10,-4.440892098500626e-16
ackley,DE/rand/1,0.8,0.7,1,3.1086244689504383e-15
ackley,DE/rand/1,0.8,0.7,2,3.1086244689504383e-15
ackley,DE/rand/1,0.8,0.7,3,3.1086244689504383e-15
ackley,DE/rand/1,0.8,0.7,4,3.1086244689504383e-15
ackley,DE/rand/1,0.8,0.7,5,3.1086244689504383e-15
ackley,DE/rand/1,0.8,0.7,6,-4.440892098500626e-16
ackley,DE/rand/1,0.8,0.7,7,-4.440892098500626e-16
ackley,DE/rand/1,0.8,0.7,8,3.1086244689504383e-15
ackley,DE/rand/1,0.8,0.7,9,3.1086244689504383e-15
ackley,DE/rand/1,0.8,0.7,10,3.1086244689504383e-15
ackley,DE/rand/1,0.75,0.6,1,-4.440892098500626e-16
ackley,DE/rand/1,0.75,0.6,2,3.1086244689504383e-15
ackley,DE/rand/1,0.75,0.6,3,3.1086244689504383e-15
ackley,DE/rand/1,0.75,0.6,4,-4.440892098500626e-16
ackley,DE/rand/1,0.75,0.6,5,3.1086244689504383e-15
ackley,DE/rand/1,0.75,0.6,6,3.1086244689504383e-15
ackley,DE/rand/1,0.75,0.6,7,3.1086244689504383e-15
ackley,DE/rand/1,0.75,0.6,8,3.1086244689504383e-15
ackley,DE/rand/1,0.75,0.6,9,3.1086244689504383e-15
ackley,DE/rand/1,0.75,0.6,10,3.1086244689504383e-15
ackley,DE/rand/2,0.9,0.5,1,3.1086244689504383e-15
ackley,DE/rand/2,0.9,0.5,2,3.1086244689504383e-15
ackley,DE/rand/2,0.9,0.5,3,3.1086244689504383e-15
ackley,DE/rand/2,0.9,0.5,4,3.1086244689504383e-15
ackley,DE/rand/2,0.9,0.5,5,3.1086244689504383e-15
ackley,DE/rand/2,0.9,0.5,6,3.1086244689504383e-15
ackley,DE/rand/2,0.9,0.5,7,3.1086244689504383e-15
ackley,DE/rand/2,0.9,0.5,8,3.1086244689504383e-15
ackley,DE/rand/2,0.9,0.5,9,3.1086244689504383e-15
ackley,DE/rand/2,0.9,0.5,10,3.1086244689504383e-15
ackley,DE/rand/2,0.8,0.7,1,9.516831767086842e-13
ackley,DE/rand/2,0.8,0.7,2,4.554134847012392e-12
ackley,DE/rand/2,0.8,0.7,3,2.3017143746528745e-12
ackley,DE/rand/2,0.8,0.7,4,9.658940314238862e-13
ackley,DE/rand/2,0.8,0.7,5,5.715428130770306e-13
ackley,DE/rand/2,0.8,0.7,6,1.1008971512183052e-12
ackley,DE/rand/2,0.8,0.7,7,7.416289804496046e-14
ackley,DE/rand/2,0.8,0.7,8,3.5127456499139953e-13
ackley,DE/rand/2,0.8,0.7,9,3.2893687773594138e-12
ackley,DE/rand/2,0.8,0.7,10,4.0101255649460654e-13
ackley,DE/rand/2,0.75,0.6,1,3.1086244689504383e-15
ackley,DE/rand/2,0.75,0.6,2,3.1086244689504383e-15
ackley,DE/rand/2,0.75,0.6,3,3.1086244689504383e-15
ackley,DE/rand/2,0.75,0.6,4,3.1086244689504383e-15
ackley,DE/rand/2,0.75,0.6,5,3.1086244689504383e-15
ackley,DE/rand/2,0.75,0.6,6,3.1086244689504383e-15
ackley,DE/rand/2,0.75,0.6,7,3.1086244689504383e-15
ackley,DE/rand/2,0.75,0.6,8,3.1086244689504383e-15
ackley,DE/rand/2,0.75,0.6,9,3.1086244689504383e-15
ackley,DE/rand/2,0.75,0.6,10,3.1086244689504383e-15
ackley,DE/best/1,0.9,0.5,1,3.1086244689504383e-15
ackley,DE/best/1,0.9,0.5,2,-4.440892098500626e-16
ackley,DE/best/1,0.9,0.5,3,3.1086244689504383e-15
ackley,DE/best/1,0.9,0.5,4,3.1086244689504383e-15
ackley,DE/best/1,0.9,0.5,5,3.1086244689504383e-15
ackley,DE/best/1,0.9,0.5,6,3.1086244689504383e-15
ackley,DE/best/1,0.9,0.5,7,3.1086244689504383e-15
ackley,DE/best/1,0.9,0.5,8,3.1086244689504383e-15
ackley,DE/best/1,0.9,0.5,9,3.1086244689504383e-15
ackley,DE/best/1,0.9,0.5,10,3.1086244689504383e-15
ackley,DE/best/1,0.8,0.7,1,3.1086244689504383e-15
ackley,DE/best/1,0.8,0.7,2,3.1086244689504383e-15
ackley,DE/best/1,0.8,0.7,3,3.1086244689504383e-15
ackley,DE/best/1,0.8,0.7,4,3.1086244689504383e-15
ackley,DE/best/1,0.8,0.7,5,3.1086244689504383e-15
ackley,DE/best/1,0.8,0.7,6,3.1086244689504383e-15
ackley,DE/best/1,0.8,0.7,7,3.1086244689504383e-15
ackley,DE/best/1,0.8,0.7,8,3.1086244689504383e-15
ackley,DE/best/1,0.8,0.7,9,3.1086244689504383e-15
ackley,DE/best/1,0.8,0.7,10,3.1086244689504383e-15
ackley,DE/best/1,0.75,0.6,1,3.1086244689504383e-15
ackley,DE/best/1,0.75,0.6,2,3.1086244689504383e-15
ackley,DE/best/1,0.75,0.6,3,3.1086244689504383e-15
ackley,DE/best/1,0.75,0.6,4,3.1086244689504383e-15
ackley,DE/best/1,0.75,0.6,5,3.1086244689504383e-15
ackley,DE/best/1,0.75,0.6,6,3.1086244689504383e-15
ackley,DE/best/1,0.75,0.6,7,3.1086244689504383e-15
ackley,DE/best/1,0.75,0.6,8,3.1086244689504383e-15
ackley,DE/best/1,0.75,0.6,9,3.1086244689504383e-15
ackley,DE/best/1,0.75,0.6,10,3.1086244689504383e-15
ackley,DE/current-to-best/1,0.9,0.5,1,3.1086244689504383e-15
ackley,DE/current-to-best/1,0.9,0.5,2,3.1086244689504383e-15
ackley,DE/current-to-best/1,0.9,0.5,3,3.1086244689504383e-15
ackley,DE/current-to-best/1,0.9,0.5,4,3.1086244689504383e-15
ackley,DE/current-to-best/1,0.9,0.5,5,3.1086244689504383e-15
ackley,DE/current-to-best/1,0.9,0.5,6,3.1086244689504383e-15
ackley,DE/current-to-best/1,0.9,0.5,7,3.1086244689504383e-15
ackley,DE/current-to-best/1,0.9,0.5,8,3.1086244689504383e-15
ackley,DE/current-to-best/1,0.9,0.5,9,3.1086244689504383e-15
ackley,DE/current-to-best/1,0.9,0.5,10,3.1086244689504383e-15
ackley,DE/current-to-best/1,0.8,0.7,1,3.1086244689504383e-15
ackley,DE/current-to-best/1,0.8,0.7,2,3.1086244689504383e-15
ackley,DE/current-to-best/1,0.8,0.7,3,3.1086244689504383e-15
ackley,DE/current-to-best/1,0.8,0.7,4,3.1086244689504383e-15
ackley,DE/current-to-best/1,0.8,0.7,5,3.1086244689504383e-15
ackley,DE/current-to-best/1,0.8,0.7,6,3.1086244689504383e-15
ackley,DE/current-to-best/1,0.8,0.7,7,3.1086244689504383e-15
ackley,DE/current-to-best/1,0.8,0.7,8,3.1086244689504383e-15
ackley,DE/current-to-best/1,0.8,0.7,9,3.1086244689504383e-15
ackley,DE/current-to-best/1,0.8,0.7,10,3.1086244689504383e-15
ackley,DE/current-to-best/1,0.75,0.6,1,3.1086244689504383e-15
ackley,DE/current-to-best/1,0.75,0.6,2,3.1086244689504383e-15
ackley,DE/current-to-best/1,0.75,0.6,3,3.1086244689504383e-15
ackley,DE/current-to-best/1,0.75,0.6,4,3.1086244689504383e-15
ackley,DE/current-to-best/1,0.75,0.6,5,3.1086244689504383e-15
ackley,DE/current-to-best/1,0.75,0.6,6,3.1086244689504383e-15
ackley,DE/current-to-best/1,0.75,0.6,7,3.1086244689504383e-15
ackley,DE/current-to-best/1,0.75,0.6,8,3.1086244689504383e-15
ackley,DE/current-to-best/1,0.75,0.6,9,3.1086244689504383e-15
ackley,DE/current-to-best/1,0.75,0.6,10,3.1086244689504383e-15
griewank,DE/rand/1,0.9,0.5,1,0.002466168016010961
griewank,DE/rand/1,0.9,0.5,2,0.002466168016010961
griewank,DE/rand/1,0.9,0.5,3,0.002466168016010961
griewank,DE/rand/1,0.9,0.5,4,0.002466168016010961
griewank,DE/rand/1,0.9,0.5,5,0.002466168016010961
griewank,DE/rand/1,0.9,0.5,6,0.002466168016010961
griewank,DE/rand/1,0.9,0.5,7,0.002466168016010961
griewank,DE/rand/1,0.9,0.5,8,0.002466168016010961
griewank,DE/rand/1,0.9,0.5,9,0.002466168016010961
griewank,DE/rand/1,0.9,0.5,10,0.002466168016010961
griewank,DE/rand/1,0.8,0.7,1,0.14684891841845082
griewank,DE/rand/1,0.8,0.7,2,0.09221350079690982
griewank,DE/rand/1,0.8,0.7,3,0.002466168016011183
griewank,DE/rand/1,0.8,0.7,4,0.1487447807444694
griewank,DE/rand/1,0.8,0.7,5,0.1523171635899706
griewank,DE/rand/1,0.8,0.7,6,0.14331826548571525
griewank,DE/rand/1,0.8,0.7,7,0.175188836170439
griewank,DE/rand/1,0.8,0.7,8,0.15531675107015053
griewank,DE/rand/1,0.8,0.7,9,0.08716763885741752
griewank,DE/rand/1,0.8,0.7,10,0.1648025916491921
griewank,DE/rand/1,0.75,0.6,1,0.002466168016010961
griewank,DE/rand/1,0.75,0.6,2,0.002466168016010961
griewank,DE/rand/1,0.75,0.6,3,0.002466168016010961
griewank,DE/rand/1,0.75,0.6,4,0.002466168016010961
griewank,DE/rand/1,0.75,0.6,5,0.002466168016010961
griewank,DE/rand/1,0.75,0.6,6,0.002466168016010961
griewank,DE/rand/1,0.75,0.6,7,0.08841685843586522
griewank,DE/rand/1,0.75,0.6,8,0.002466168016010961
griewank,DE/rand/1,0.75,0.6,9,0.002466168016010961
griewank,DE/rand/1,0.75,0.6,10,0.002466168016010961
griewank,DE/rand/2,0.9,0.5,1,0.08526345900548005
griewank,DE/rand/2,0.9,0.5,2,0.082246640658456
griewank,DE/rand/2,0.9,0.5,3,0.13720369998730586
griewank,DE/rand/2,0.9,0.5,4,0.10859087149775448
griewank,DE/rand/2,0.9,0.5,5,0.07540806168600134
griewank,DE/rand/2,0.9,0.5,6,0.11395241715644455
griewank,DE/rand/2,0.9,0.5,7,0.09972077202910501
griewank,DE/rand/2,0.9,0.5,8,0.11528179766381264
griewank,DE/rand/2,0.9,0.5,9,0.09278391143609166
griewank,DE/rand/2,0.9,0.5,10,0.0902547863774178
griewank,DE/rand/2,0.8,0.7,1,0.3441955540175182
griewank,DE/rand/2,0.8,0.7,2,0.4515411193569434
griewank,DE/rand/2,0.8,0.7,3,0.40165098767226215
griewank,DE/rand/2,0.8,0.7,4,0.3769072574518729
griewank,DE/rand/2,0.8,0.7,5,0.31604881440650145
griewank,DE/rand/2,0.8,0.7,6,0.366675893483249
griewank,DE/rand/2,0.8,0.7,7,0.2619244676380359
griewank,DE/rand/2,0.8,0.7,8,0.4114093855030765
griewank,DE/rand/2,0.8,0.7,9,0.3294964177314855
griewank,DE/rand/2,0.8,0.7,10,0.3557004828136294
griewank,DE/rand/2,0.75,0.6,1,0.25177299547696663
griewank,DE/rand/2,0.75,0.6,2,0.2172256443971753
griewank,DE/rand/2,0.75,0.6,3,0.3353759817169376
griewank,DE/rand/2,0.75,0.6,4,0.2380287393424726
griewank,DE/rand/2,0.75,0.6,5,0.3289537239853555
griewank,DE/rand/2,0.75,0.6,6,0.32025840376141246
griewank,DE/rand/2,0.75,0.6,7,0.2307235062846359
griewank,DE/rand/2,0.75,0.6,8,0.32379842350360744
griewank,DE/rand/2,0.75,0.6,9,0.18967805221765188
griewank,DE/rand/2,0.75,0.6,10,0.24331510655377198
griewank,DE/best/1,0.9,0.5,1,0.002466168016010961
griewank,DE/best/1,0.9,0.5,2,0.0443172572997399
griewank,DE/best/1,0.9,0.5,3,0.009849904527482245
griewank,DE/best/1,0.9,0.5,4,0.012306239744636849
griewank,DE/best/1,0.9,0.5,5,0.004929872324173856
griewank,DE/best/1,0.9,0.5,6,0.002466168016010961
griewank,DE/best/1,0.9,0.5,7,0.014787156871403528
griewank,DE/best/1,0.9,0.5,8,0.04675157196335722
griewank,DE/best/1,0.9,0.5,9,0.0073911166054535515
griewank,DE/best/1,0.9,0.5,10,0.024617409962758408
griewank,DE/best/1,0.8,0.7,1,0.0762129386224013
griewank,DE/best/1,0.8,0.7,2,0.05412787293033594
griewank,DE/best/1,0.8,0.7,3,0.20658293596221555
griewank,DE/best/1,0.8,0.7,4,0.08855833283981907
griewank,DE/best/1,0.8,0.7,5,0.09834460162488079
griewank,DE/best/1,0.8,0.7,6,0.061506696925518134
griewank,DE/best/1,0.8,0.7,7,0.10581170466026735
griewank,DE/best/1,0.8,0.7,8,0.022170893088100052
griewank,DE/best/1,0.8,0.7,9,0.1033307764338196
griewank,DE/best/1,0.8,0.7,10,0.07129532987042475
griewank,DE/best/1,0.75,0.6,1,0.059018556322780746
griewank,DE/best/1,0.75,0.6,2,0.02461740996275852
griewank,DE/best/1,0.75,0.6,3,0.032035564973314834
griewank,DE/best/1,0.75,0.6,4,0.03194729182417577
griewank,DE/best/1,0.75,0.6,5,0.11561999710031512
griewank,DE/best/1,0.75,0.6,6,0.027068850485231888
griewank,DE/best/1,0.75,0.6,7,0.022170893088100052
griewank,DE/best/1,0.75,0.6,8,0.04185351986966923
griewank,DE/best/1,0.75,0.6,9,0.039350559673670626
griewank,DE/best/1,0.75,0.6,10,0.054098526752199616
griewank,DE/current-to-best/1,0.9,0.5,1,0.004975912598095489
griewank,DE/current-to-best/1,0.9,0.5,2,0.0024669103206977905
griewank,DE/current-to-best/1,0.9,0.5,3,0.002591976290261977
griewank,DE/current-to-best/1,0.9,0.5,4,0.002480516149822032
griewank,DE/current-to-best/1,0.9,0.5,5,0.0024733154308237415
griewank,DE/current-to-best/1,0.9,0.5,6,0.007402009225587647
griewank,DE/current-to-best/1,0.9,0.5,7,0.004955854276211924
griewank,DE/current-to-best/1,0.9,0.5,8,0.0024661685417961543
griewank,DE/current-to-best/1,0.9,0.5,9,0.002508726064599731
griewank,DE/current-to-best/1,0.9,0.5,10,0.00493141335412961
griewank,DE/current-to-best/1,0.8,0.7,1,0.11725373643448578
griewank,DE/current-to-best/1,0.8,0.7,2,0.06807007517544694
griewank,DE/current-to-best/1,0.8,0.7,3,0.20292665429808066
griewank,DE/current-to-best/1,0.8,0.7,4,0.11324344352039062
griewank,DE/current-to-best/1,0.8,0.7,5,0.15724424571813123
griewank,DE/current-to-best/1,0.8,0.7,6,0.108293633178707
griewank,DE/current-to-best/1,0.8,0.7,7,0.04792476349133101
griewank,DE/current-to-best/1,0.8,0.7,8,0.08852536110358888
griewank,DE/current-to-best/1,0.8,0.7,9,0.05702174098105661
griewank,DE/current-to-best/1,0.8,0.7,10,0.07908767023843466
griewank,DE/current-to-best/1,0.75,0.6,1,0.03253247581667684
griewank,DE/current-to-best/1,0.75,0.6,2,0.01937491021138671
griewank,DE/current-to-best/1,0.75,0.6,3,0.01732442114952304
griewank,DE/current-to-best/1,0.75,0.6,4,0.06936904877224981
griewank,DE/current-to-best/1,0.75,0.6,5,0.02077228178930346
griewank,DE/current-to-best/1,0.75,0.6,6,0.020838453527238232
griewank,DE/current-to-best/1,0.75,0.6,7,0.03175549892311036
griewank,DE/current-to-best/1,0.75,0.6,8,0.058146103572477736
griewank,DE/current-to-best/1,0.75,0.6,9,0.013019281859858345
griewank,DE/current-to-best/1,0.75,0.6,10,0.006577898229605306
rastrigin,DE/rand/1,0.9,0.5,1,0.0
rastrigin,DE/rand/1,0.9,0.5,2,0.0
rastrigin,DE/rand/1,0.9,0.5,3,0.0
rastrigin,DE/rand/1,0.9,0.5,4,0.0
rastrigin,DE/rand/1,0.9,0.5,5,0.0
rastrigin,DE/rand/1,0.9,0.5,6,0.0
rastrigin,DE/rand/1,0.9,0.5,7,0.0
rastrigin,DE/rand/1,0.9,0.5,8,0.0
rastrigin,DE/rand/1,0.9,0.5,9,0.0
rastrigin,DE/rand/1,0.9,0.5,10,0.0
rastrigin,DE/rand/1,0.8,0.7,1,0.0
rastrigin,DE/rand/1,0.8,0.7,2,0.0
rastrigin,DE/rand/1,0.8,0.7,3,0.0
rastrigin,DE/rand/1,0.8,0.7,4,0.0
rastrigin,DE/rand/1,0.8,0.7,5,0.0
rastrigin,DE/rand/1,0.8,0.7,6,0.0
rastrigin,DE/rand/1,0.8,0.7,7,0.0
rastrigin,DE/rand/1,0.8,0.7,8,0.0
rastrigin,DE/rand/1,0.8,0.7,9,0.0
rastrigin,DE/rand/1,0.8,0.7,10,0.0
rastrigin,DE/rand/1,0.75,0.6,1,0.0
rastrigin,DE/rand/1,0.75,0.6,2,0.0
rastrigin,DE/rand/1,0.75,0.6,3,0.0
rastrigin,DE/rand/1,0.75,0.6,4,0.0
rastrigin,DE/rand/1,0.75,0.6,5,0.0
rastrigin,DE/rand/1,0.75,0.6,6,0.0
rastrigin,DE/rand/1,0.75,0.6,7,0.0
rastrigin,DE/rand/1,0.75,0.6,8,0.0
rastrigin,DE/rand/1,0.75,0.6,9,0.0
rastrigin,DE/rand/1,0.75,0.6,10,0.0
rastrigin,DE/rand/2,0.9,0.5,1,0.0
rastrigin,DE/rand/2,0.9,0.5,2,0.0
rastrigin,DE/rand/2,0.9,0.5,3,0.0
rastrigin,DE/rand/2,0.9,0.5,4,0.0
rastrigin,DE/rand/2,0.9,0.5,5,0.0
rastrigin,DE/rand/2,0.9,0.5,6,0.0
rastrigin,DE/rand/2,0.9,0.5,7,0.0
rastrigin,DE/rand/2,0.9,0.5,8,0.0
rastrigin,DE/rand/2,0.9,0.5,9,0.0
rastrigin,DE/rand/2,0.9,0.5,10,0.0
rastrigin,DE/rand/2,0.8,0.7,1,15.710908083354454
rastrigin,DE/rand/2,0.8,0.7,2,15.905758545285863
rastrigin,DE/rand/2,0.8,0.7,3,21.54835756872501
rastrigin,DE/rand/2,0.8,0.7,4,18.696719092525143
rastrigin,DE/rand/2,0.8,0.7,5,15.374587434425848
rastrigin,DE/rand/2,0.8,0.7,6,17.113206752542723
rastrigin,DE/rand/2,0.8,0.7,7,16.72068465646781
rastrigin,DE/rand/2,0.8,0.7,8,14.864379157011186
rastrigin,DE/rand/2,0.8,0.7,9,10.923328848851284
rastrigin,DE/rand/2,0.8,0.7,10,14.073144356439471
rastrigin,DE/rand/2,0.75,0.6,1,9.703722841994818
rastrigin,DE/rand/2,0.75,0.6,2,10.67125404089822
rastrigin,DE/rand/2,0.75,0.6,3,8.40384538291066
rastrigin,DE/rand/2,0.75,0.6,4,12.453064728369554
rastrigin,DE/rand/2,0.75,0.6,5,9.1201705978781
rastrigin,DE/rand/2,0.75,0.6,6,9.616703452094796
rastrigin,DE/rand/2,0.75,0.6,7,11.526386534606743
rastrigin,DE/rand/2,0.75,0.6,8,10.511802741165454
rastrigin,DE/rand/2,0.75,0.6,9,10.816842700530785
rastrigin,DE/rand/2,0.75,0.6,10,8.301419080174384
rastrigin,DE/best/1,0.9,0.5,1,0.0
rastrigin,DE/best/1,0.9,0.5,2,0.0
rastrigin,DE/best/1,0.9,0.5,3,0.0
rastrigin,DE/best/1,0.9,0.5,4,0.0
rastrigin,DE/best/1,0.9,0.5,5,0.0
rastrigin,DE/best/1,0.9,0.5,6,0.9949590570932969
rastrigin,DE/best/1,0.9,0.5,7,0.0
rastrigin,DE/best/1,0.9,0.5,8,0.0
rastrigin,DE/best/1,0.9,0.5,9,0.0
rastrigin,DE/best/1,0.9,0.5,10,0.9949590570932969
rastrigin,DE/best/1,0.8,0.7,1,3.979836228373159
rastrigin,DE/best/1,0.8,0.7,2,7.959667418927239
rastrigin,DE/best/1,0.8,0.7,3,2.9848771712798623
rastrigin,DE/best/1,0.8,0.7,4,3.979836228373159
rastrigin,DE/best/1,0.8,0.7,5,2.9848771712798907
rastrigin,DE/best/1,0.8,0.7,6,3.979836228373159
rastrigin,DE/best/1,0.8,0.7,7,1.9899181141865796
rastrigin,DE/best/1,0.8,0.7,8,4.974795285466456
rastrigin,DE/best/1,0.8,0.7,9,2.9848771712798907
rastrigin,DE/best/1,0.8,0.7,10,2.9848771712798623
rastrigin,DE/best/1,0.75,0.6,1,3.979836228373159
rastrigin,DE/best/1,0.75,0.6,2,3.979836228373159
rastrigin,DE/best/1,0.75,0.6,3,2.9848771712798623
rastrigin,DE/best/1,0.75,0.6,4,3.979836228373159
rastrigin,DE/best/1,0.75,0.6,5,1.9899181141865796
rastrigin,DE/best/1,0.75,0.6,6,5.969754342559753
rastrigin,DE/best/1,0.75,0.6,7,3.979836228373159
rastrigin,DE/best/1,0.75,0.6,8,4.974795285466456
rastrigin,DE/best/1,0.75,0.6,9,2.9848771712798623
rastrigin,DE/best/1,0.75,0.6,10,7.959672456746318
rastrigin,DE/current-to-best/1,0.9,0.5,1,0.0
rastrigin,DE/current-to-best/1,0.9,0.5,2,0.0
rastrigin,DE/current-to-best/1,0.9,0.5,3,0.0
rastrigin,DE/current-to-best/1,0.9,0.5,4,0.0
rastrigin,DE/current-to-best/1,0.9,0.5,5,0.0
rastrigin,DE/current-to-best/1,0.9,0.5,6,0.0
rastrigin,DE/current-to-best/1,0.9,0.5,7,0.0
rastrigin,DE/current-to-best/1,0.9,0.5,8,0.0
rastrigin,DE/current-to-best/1,0.9,0.5,9,0.0
rastrigin,DE/current-to-best/1,0.9,0.5,10,0.0
rastrigin,DE/current-to-best/1,0.8,0.7,1,6.8039923989570354
rastrigin,DE/current-to-best/1,0.8,0.7,2,7.210479665900593
rastrigin,DE/current-to-best/1,0.8,0.7,3,5.640997026953983
rastrigin,DE/current-to-best/1,0.8,0.7,4,3.381290941349505
rastrigin,DE/current-to-best/1,0.8,0.7,5,4.592393023250551
rastrigin,DE/current-to-best/1,0.8,0.7,6,3.5396516439700605
rastrigin,DE/current-to-best/1,0.8,0.7,7,3.9655207237902346
rastrigin,DE/current-to-best/1,0.8,0.7,8,4.296842995863059
rastrigin,DE/current-to-best/1,0.8,0.7,9,4.336823261980783
rastrigin,DE/current-to-best/1,0.8,0.7,10,4.0220891530357505
rastrigin,DE/current-to-best/1,0.75,0.6,1,4.440941530191708
rastrigin,DE/current-to-best/1,0.75,0.6,2,4.702125872554447
rastrigin,DE/current-to-best/1,0.75,0.6,3,5.087941934123165
rastrigin,DE/current-to-best/1,0.75,0.6,4,1.7575776191522152
rastrigin,DE/current-to-best/1,0.75,0.6,5,4.645178423891309
rastrigin,DE/current-to-best/1,0.75,0.6,6,4.773235048800416
rastrigin,DE/current-to-best/1,0.75,0.6,7,2.721066167799762
rastrigin,DE/current-to-best/1,0.75,0.6,8,2.666210238103588
rastrigin,DE/current-to-best/1,0.75,0.6,9,5.385219925652365
rastrigin,DE/current-to-best/1,0.75,0.6,10,2.1140818251670765
rosenbrock,DE/rand/1,0.9,0.5,1,5.416789320569556e-08
rosenbrock,DE/rand/1,0.9,0.5,2,1.814982053300992e-07
rosenbrock,DE/rand/1,0.9,0.5,3,1.8893089018774105e-07
rosenbrock,DE/rand/1,0.9,0.5,4,3.919782604299997e-08
rosenbrock,DE/rand/1,0.9,0.5,5,6.961200645079501e-08
rosenbrock,DE/rand/1,0.9,0.5,6,4.1599327273417056e-08
rosenbrock,DE/rand/1,0.9,0.5,7,2.308536076296891e-07
rosenbrock,DE/rand/1,0.9,0.5,8,4.969598501363753e-07
rosenbrock,DE/rand/1,0.9,0.5,9,2.2564982315381463e-08
rosenbrock,DE/rand/1,0.9,0.5,10,1.1368670749968174e-07
rosenbrock,DE/rand/1,0.8,0.7,1,8.756386142269534e-21
rosenbrock,DE/rand/1,0.8,0.7,2,2.4943840197784652e-20
rosenbrock,DE/rand/1,0.8,0.7,3,5.550435118171642e-21
rosenbrock,DE/rand/1,0.8,0.7,4,3.1146496673687295e-20
rosenbrock,DE/rand/1,0.8,0.7,5,1.1095151037748699e-20
rosenbrock,DE/rand/1,0.8,0.7,6,2.077239201145736e-20
rosenbrock,DE/rand/1,0.8,0.7,7,4.930426039268318e-20
rosenbrock,DE/rand/1,0.8,0.7,8,9.336749663680506e-20
rosenbrock,DE/rand/1,0.8,0.7,9,1.1357810875083354e-20
rosenbrock,DE/rand/1,0.8,0.7,10,4.891087139672959e-21
rosenbrock,DE/rand/1,0.75,0.6,1,6.906777609477856e-19
rosenbrock,DE/rand/1,0.75,0.6,2,4.548318148675493e-18
rosenbrock,DE/rand/1,0.75,0.6,3,3.977175709674156e-18
rosenbrock,DE/rand/1,0.75,0.6,4,2.3709300795119232e-18
rosenbrock,DE/rand/1,0.75,0.6,5,1.3361495694238949e-17
rosenbrock,DE/rand/1,0.75,0.6,6,5.015409150615227e-18
rosenbrock,DE/rand/1,0.75,0.6,7,3.2399757875928325e-18
rosenbrock,DE/rand/1,0.75,0.6,8,1.7627081958083383e-17
rosenbrock,DE/rand/1,0.75,0.6,9,5.126311975639245e-19
rosenbrock,DE/rand/1,0.75,0.6,10,9.220544216940852e-18
rosenbrock,DE/rand/2,0.9,0.5,1,0.0588152945702428
rosenbrock,DE/rand/2,0.9,0.5,2,0.07432195758905438
rosenbrock,DE/rand/2,0.9,0.5,3,0.12428821098360196
rosenbrock,DE/rand/2,0.9,0.5,4,0.09710940833805733
rosenbrock,DE/rand/2,0.9,0.5,5,0.13193185505838775
rosenbrock,DE/rand/2,0.9,0.5,6,0.08826714861272092
rosenbrock,DE/rand/2,0.9,0.5,7,0.08181738242517594
rosenbrock,DE/rand/2,0.9,0.5,8,0.093750897064648
rosenbrock,DE/rand/2,0.9,0.5,9,0.03341964555882294
rosenbrock,DE/rand/2,0.9,0.5,10,0.1297783275871815
rosenbrock,DE/rand/2,0.8,0.7,1,0.00028851721438100396
rosenbrock,DE/rand/2,0.8,0.7,2,0.00013289698857972667
rosenbrock,DE/rand/2,0.8,0.7,3,0.0002578995305193395
rosenbrock,DE/rand/2,0.8,0.7,4,0.00027603961312081075
rosenbrock,DE/rand/2,0.8,0.7,5,9.734581293402143e-05
rosenbrock,DE/rand/2,0.8,0.7,6,0.00011041345675124043
rosenbrock,DE/rand/2,0.8,0.7,7,0.00039697358301531805
rosenbrock,DE/rand/2,0.8,0.7,8,7.429465395164928e-05
rosenbrock,DE/rand/2,0.8,0.7,9,0.00010053579155709449
rosenbrock,DE/rand/2,0.8,0.7,10,0.00017589089741796874
rosenbrock,DE/rand/2,0.75,0.6,1,4.272543390428607e-05
rosenbrock,DE/rand/2,0.75,0.6,2,6.753123036526807e-05
rosenbrock,DE/rand/2,0.75,0.6,3,1.8862192323796866e-05
rosenbrock,DE/rand/2,0.75,0.6,4,3.2629705553074124e-05
rosenbrock,DE/rand/2,0.75,0.6,5,3.214338292766094e-05
rosenbrock,DE/rand/2,0.75,0.6,6,2.199576128449785e-05
rosenbrock,DE/rand/2,0.75,0.6,7,4.112454368063758e-05
rosenbrock,DE/rand/2,0.75,0.6,8,1.1613649269639023e-05
rosenbrock,DE/rand/2,0.75,0.6,9,4.850911389109165e-05
rosenbrock,DE/rand/2,0.75,0.6,10,3.210725820804698e-05
rosenbrock,DE/best/1,0.9,0.5,1,1.3483877707516262e-18
rosenbrock,DE/best/1,0.9,0.5,2,4.67321490378638e-19
rosenbrock,DE/best/1,0.9,0.5,3,8.152666024502108e-18
rosenbrock,DE/best/1,0.9,0.5,4,9.578472547151034e-19
rosenbrock,DE/best/1,0.9,0.5,5,2.1666278264843438e-20
rosenbrock,DE/best/1,0.9,0.5,6,7.318750123801049e-18
rosenbrock,DE/best/1,0.9,0.5,7,4.87381975702248e-20
rosenbrock,DE/best/1,0.9,0.5,8,4.780352884128557e-18
rosenbrock,DE/best/1,0.9,0.5,9,1.7905268695190726e-19
rosenbrock,DE/best/1,0.9,0.5,10,2.615160932106967e-18
rosenbrock,DE/best/1,0.8,0.7,1,0.0
rosenbrock,DE/best/1,0.8,0.7,2,0.0
rosenbrock,DE/best/1,0.8,0.7,3,0.0
rosenbrock,DE/best/1,0.8,0.7,4,0.0
rosenbrock,DE/best/1,0.8,0.7,5,0.0
rosenbrock,DE/best/1,0.8,0.7,6,0.0
rosenbrock,DE/best/1,0.8,0.7,7,0.0
rosenbrock,DE/best/1,0.8,0.7,8,3.986579112347137
rosenbrock,DE/best/1,0.8,0.7,9,0.0
rosenbrock,DE/best/1,0.8,0.7,10,0.0
rosenbrock,DE/best/1,0.75,0.6,1,0.0
rosenbrock,DE/best/1,0.75,0.6,2,0.0
rosenbrock,DE/best/1,0.75,0.6,3,0.0
rosenbrock,DE/best/1,0.75,0.6,4,0.0
rosenbrock,DE/best/1,0.75,0.6,5,0.0
rosenbrock,DE/best/1,0.75,0.6,6,0.0
rosenbrock,DE/best/1,0.75,0.6,7,0.0
rosenbrock,DE/best/1,0.75,0.6,8,0.0
rosenbrock,DE/best/1,0.75,0.6,9,0.0
rosenbrock,DE/best/1,0.75,0.6,10,0.0
rosenbrock,DE/current-to-best/1,0.9,0.5,1,2.6467774526780384e-18
rosenbrock,DE/current-to-best/1,0.9,0.5,2,1.2271303854717414e-17
rosenbrock,DE/current-to-best/1,0.9,0.5,3,1.7914341471358523e-18
rosenbrock,DE/current-to-best/1,0.9,0.5,4,2.5114008706505953e-17
rosenbrock,DE/current-to-best/1,0.9,0.5,5,2.270615356547267e-18
rosenbrock,DE/current-to-best/1,0.9,0.5,6,1.7995982055670094e-17
rosenbrock,DE/current-to-best/1,0.9,0.5,7,4.476305422688129e-18
rosenbrock,DE/current-to-best/1,0.9,0.5,8,3.0700765375747856e-19
rosenbrock,DE/current-to-best/1,0.9,0.5,9,1.3061968345205838e-17
rosenbrock,DE/current-to-best/1,0.9,0.5,10,4.671835377145721e-18
rosenbrock,DE/current-to-best/1,0.8,0.7,1,0.0
rosenbrock,DE/current-to-best/1,0.8,0.7,2,0.0
rosenbrock,DE/current-to-best/1,0.8,0.7,3,0.0
rosenbrock,DE/current-to-best/1,0.8,0.7,4,0.0
rosenbrock,DE/current-to-best/1,0.8,0.7,5,0.0
rosenbrock,DE/current-to-best/1,0.8,0.7,6,0.0
rosenbrock,DE/current-to-best/1,0.8,0.7,7,0.0
rosenbrock,DE/current-to-best/1,0.8,0.7,8,0.0
rosenbrock,DE/current-to-best/1,0.8,0.7,9,0.0
rosenbrock,DE/current-to-best/1,0.8,0.7,10,0.0
rosenbrock,DE/current-to-best/1,0.75,0.6,1,0.0
rosenbrock,DE/current-to-best/1,0.75,0.6,2,0.0
rosenbrock,DE/current-to-best/1,0.75,0.6,3,0.0
rosenbrock,DE/current-to-best/1,0.75,0.6,4,0.0
rosenbrock,DE/current-to-best/1,0.75,0.6,5,0.0
rosenbrock,DE/current-to-best/1,0.75,0.6,6,0.0
rosenbrock,DE/current-to-best/1,0.75,0.6,7,0.0
rosenbrock,DE/current-to-best/1,0.75,0.6,8,0.0
rosenbrock,DE/current-to-best/1,0.75,0.6,9,0.0
rosenbrock,DE/current-to-best/1,0.75,0.6,10,0.0
